Resource,Geo,Url,Url_username,Status,Http_code,Deceleration/s,Response/s,Time/s,Session/kB
4gameforum,RU,https://4gameforum.com,https://4gameforum.com/members/?username=username1,увы,403,нет,0.27,1.54,40
AboutME,US,https://about.me/,https://about.me/username1,увы,404,нет,1.76,1.85,Head
Advego,RU,https://advego.com/,https://advego.com/profile/username1/author/,найден!,200,нет,2.37,2.47,Head
Akniga,RU,https://akniga.org/,https://akniga.org/profile/username1,увы,404,нет,0.81,2.47,Head
Allods,RU,https://forum.allods.ru,https://forum.allods.ru/member.php?username=username1,увы,200,нет,1.48,2.47,32
Anarcho-punk,US,https://www.anarcho-punk.net/,https://www.anarcho-punk.net/members/?username=username1,увы,200,нет,1.42,2.47,410
Animeforum,WR,https://www.animeforum.com,https://www.animeforum.com/member.php?username=username1,увы,403,нет,1.35,2.47,8
Animeleague,WR,https://www.animeleague.net,https://www.animeleague.net/forum/search.php?keywords=&terms=all&author=username1,увы,200,нет,1.87,2.47,23
Animenewsnetwork,WR,https://www.animenewsnetwork.com,https://www.animenewsnetwork.com/bbs/phpBB2/profile.php?mode=viewprofile&u=username1,найден!,200,нет,1.89,2.48,90
Animesuperhero,WR,https://animesuperhero.com,https://animesuperhero.com/forums/members/?username=username1,найден!,303,нет,1.87,2.48,Head
Antichat,RU,https://forum.antichat.ru/,https://forum.antichat.club/members/?username=username1,увы,200,нет,1.18,2.48,71
Antiwomen,RU,https://antiwomen.ru,https://antiwomen.ru/search.php?keywords=&terms=all&author=username1,увы,403,нет,1.73,2.48,8
Army,US,https://army.ca/,https://army.ca/forums/members/?username=username1,увы,200,нет,1.88,2.48,75
Arstechnica,WR,https://arstechnica.com,https://arstechnica.com/civis/members/?username=username1,найден!,303,нет,2.05,2.48,Head
Askubuntu,WR,https://askubuntu.com,https://askubuntu.com/users/filter?search=username1&filter=Month&tab=Reputation,найден!,200,нет,1.43,2.48,10
Astraclub,RU,https://astraclub.ru,https://astraclub.ru/members/?username=username1,увы,200,нет,1.58,2.48,58
Audiojungle,WR,https://audiojungle.net/,https://audiojungle.net/user/username1,увы,404,нет,1.21,2.48,Head
Author_today,RU,https://author.today,https://author.today/u/username1,увы,403,нет,1.28,2.48,Head
Autokadabra,RU,http://autokadabra.ru/,http://autokadabra.ru/users/username1,увы,404,нет,0.73,2.48,Head
Babyblog,RU,https://www.babyblog.ru/,https://www.babyblog.ru/user/username1,увы,301,нет,3.27,3.37,Head
Bandcamp,US,https://www.bandcamp.com/,https://www.bandcamp.com/username1,найден!,200,нет,0.86,3.37,Head
Behance,US,https://www.behance.net/,https://www.behance.net/username1,найден!,200,нет,1.47,3.37,Head
Bikepost,RU,https://bikepost.ru,https://bikepost.ru/profile/username1,увы,404,нет,0.22,3.37,Head
BitBucket,WR,https://bitbucket.org/,https://bitbucket.org/username1/workspace/repositories/,увы,404,нет,0.88,3.37,Head
Blender,WR,https://blender.community,https://blender.community/username1/,увы,404,нет,1.61,3.37,Head
Blizzard_WOW,US,https://us.forums.blizzard.com,https://us.forums.blizzard.com/en/wow/u/username1,увы,404,нет,2.24,3.37,545
Blogger,WR,https://www.blogger.com/,https://username1.blogspot.com,увы,404,нет,1.68,3.38,Head
Boardgamegeek,WR,https://www.boardgamegeek.com,https://www.boardgamegeek.com/user/username1,найден!,200,нет,0.85,3.38,18
BodyBuilding,WR,https://bodyspace.bodybuilding.com/,https://bodyspace.bodybuilding.com/username1,увы,302,нет,1.21,3.43,0.16
Bolshoyvopros,RU,http://www.bolshoyvopros.ru,http://www.bolshoyvopros.ru/web/community.cgi?type=all&user_name=username1,найден!,200,5.58,7.44,9.01,38
Boosty,EU,https://boosty.to,https://boosty.to/username1,увы,404,нет,1.59,9.01,581
Bsky,WR,https://bsky.app,https://bsky.app/profile/username1.bsky.social,найден!,200,нет,0.5,9.01,0.04
BuzzFeed,WR,https://buzzfeed.com/,https://buzzfeed.com/username1,найден!,200,нет,1.76,9.01,Head
Championat,RU,https://www.championat.com/,https://www.championat.com/user/username1,найден!,200,нет,0.21,9.01,Head
Chitalnya,RU,https://www.chitalnya.ru,https://www.chitalnya.ru/users/username1/,увы,301,нет,1.14,9.02,Head
Chpoking,RU,https://chpoking.ru,https://chpoking.ru/username1/,увы,302,нет,1.0,9.02,Head
Clubhouse,WR,https://www.clubhouse.com,https://www.clubhouse.com/@username1,найден!,200,нет,0.93,9.02,Head
Codeberg,WR,https://codeberg.org,https://codeberg.org/username1,увы,404,нет,0.45,9.02,Head
Codeby,RU,https://codeby.net,https://codeby.net/members/?username=username1,найден!,303,нет,0.97,9.02,Head
Community_boredofstudies,AU,https://forums.leagueunlimited.com,https://community.boredofstudies.org/members/?username=username1,найден!,303,нет,1.34,9.02,Head
Community_fandom,US,https://community.fandom.com,https://community.fandom.com/wiki/User:username1,найден!,200,нет,0.65,9.02,281
Cookpad,WR,https://cookpad.com,https://cookpad.com/us/users/search?q=username1,найден!,200,нет,0.62,9.02,80
Coub,RU,https://coub.com/,https://coub.com/username1,найден!,200,нет,0.89,9.02,Head
Couchsurfing,WR,https://www.couchsurfing.com/,https://www.couchsurfing.com/people/username1,найден!,200,нет,1.06,9.02,Head
Cyber_sports,RU,https://cyber.sports.ru,https://cyber.sports.ru/search/?query=username1,увы,200,нет,1.08,9.02,392
cybersport,RU,https://www.cybersport.ru,https://www.cybersport.ru/players/cs-go/username1,увы,404,нет,1.14,9.02,0.04
D3,RU,https://d3.ru/,https://d3.ru/user/username1/posts/,увы,404,нет,0.64,9.02,Head
Dev_to,WR,https://dev.to/,https://dev.to/username1,найден!,200,нет,0.43,9.02,Head
DeviantART,US,https://deviantart.com,https://username1.deviantart.com,найден!,200,нет,0.54,9.02,Head
Discussions_unity,WR,https://discussions.unity.com,https://discussions.unity.com/u/username1/summary,увы,404,нет,0.53,9.02,Head
Disqus,WR,https://disqus.com/,https://disqus.com/username1,найден!,200,нет,0.25,9.02,Head
Donate_stream,RU,https://donate.stream,https://donate.stream/username1,увы,404,нет,1.22,9.02,Head
Donatepay,RU,https://new.donatepay.ru,https://new.donatepay.ru/@username1,увы,404,нет,1.24,9.02,Head
Donationalerts,WR,https://www.donationalerts.com,https://www.donationalerts.com/c/username1,найден!,200,нет,1.16,9.02,Head
dota2,RU,https://dota2.ru,https://dota2.ru/forum/search/?type=user&keywords=username1&sort_by=username,найден!,200,нет,2.12,9.02,122
Dribbble,WR,https://dribbble.com/,https://dribbble.com/username1,увы,403,нет,0.98,9.04,3
Drive2,RU,https://www.drive2.ru/,https://www.drive2.ru/users/username1,найден!,200,нет,1.33,9.04,Head
DTF,RU,https://dtf.ru,https://dtf.ru/discovery?q=username1,найден!,200,нет,2.71,9.06,2946
Duolingo,US,https://www.duolingo.com,https://www.duolingo.com/profile/username1,найден!,200,нет,1.27,9.06,1
Ebay,WR,https://www.ebay.com/,https://www.ebay.com/usr/username1,найден!,200,нет,0.83,9.06,89
Electronix,RU,https://electronix.ru,https://electronix.ru/forum/index.php?app=core&module=search&controller=search&q=username1,увы,403,нет,0.56,9.06,93
Fandom,WR,https://www.fandom.com/,https://www.fandom.com/u/username1,увы,404,нет,0.33,9.06,Head
Fantlab,RU,https://fantlab.ru,https://fantlab.ru/usersclasspage1?usersearch=username1,увы,200,нет,1.39,9.06,55
Fl,RU,https://www.fl.ru/,https://www.fl.ru/users/username1,найден!,200,нет,0.61,9.06,Head
Flickr,US,https://www.flickr.com/,https://www.flickr.com/people/username1,найден!,200,нет,0.63,9.06,Head
Flightradar24,WR,https://www.flightradar24.com/,https://my.flightradar24.com/username1,найден!,200,нет,0.79,9.06,7
Forum_adrenaline,BR,https://forum.adrenaline.com.br,https://forum.adrenaline.com.br/members/?username=username1,увы,200,нет,1.39,9.06,60
Forum_advrider,WR,https://www.advrider.com,https://www.advrider.com/f/members/?username=username1,найден!,303,нет,0.47,9.06,Head
Forum_afterdawn,WR,https://forums.afterdawn.com,https://forums.afterdawn.com/members/?username=username1,найден!,303,нет,1.33,9.06,Head
Forum_Airliners,WR,https://www.airliners.net/,https://www.airliners.net/user/username1/profile/photos,найден!,200,нет,0.58,9.06,Head
Forum_alfaowner,CA,https://www.alfaowner.com,https://www.alfaowner.com/members/?username=username1,найден!,303,нет,0.7,9.06,Head
Forum_all-cs,RU,http://all-cs.net.ru,http://all-cs.net.ru/index/8-0-username1,увы,200,нет,0.73,9.06,0.16
Forum_anandtech,GB,https://forums.anandtech.com,https://forums.anandtech.com/members/?username=username1,найден!,303,нет,0.77,9.06,Head
Forum_androidcentral,GB,https://forums.androidcentral.com,https://forums.androidcentral.com/members/?username=username1,увы,200,нет,1.04,9.06,92
Forum_autolada,RU,https://www.autolada.ru/,https://www.autolada.ru/profile.php?mode=viewprofile&u=username1,увы,200,нет,1.66,9.06,12
Forum_avsforum,WR,https://www.avsforum.com,https://www.avsforum.com/members/?username=username1,найден!,303,нет,0.62,9.06,Head
Forum_awd,RU,https://forum.awd.ru,https://forum.awd.ru/search.php?keywords=&terms=all&author=username1,найден!,200,нет,0.97,9.06,61
Forum_babyandbump,WR,https://babyandbump.momtastic.com,https://babyandbump.momtastic.com/members/?username=username1,найден!,303,нет,0.69,9.06,Head
Forum_backyardchickens,WR,https://www.backyardchickens.com,https://www.backyardchickens.com/members/?username=username1,найден!,303,нет,1.07,9.06,Head
Forum_basketball,CA,https://www.basketballforum.com,https://www.basketballforum.com/members/?username=username1,увы,200,нет,0.92,9.07,119
Forum_bits_media,RU,https://forum.bits.media,https://forum.bits.media/index.php?/search/&q=username1&quick=1&type=core_members,найден!,200,нет,1.71,9.07,539
Forum_blu-ray,WR,https://forum.blu-ray.com,https://forum.blu-ray.com/member.php?username=username1,найден!,200,нет,1.58,9.1,193
Forum_builtbybit,WR,https://builtbybit.com/,https://builtbybit.com/members/?username=username1,найден!,303,нет,0.96,9.1,Head
Forum_canadavisa,CA,https://www.canadavisa.com,https://www.canadavisa.com/canada-immigration-discussion-board/members/?username=username1,найден!,303,нет,0.41,9.1,Head
Forum_cerebro,RU,https://cerebro.ucoz.ru,https://cerebro.ucoz.ru/index/8-0-username1,увы,200,нет,0.91,9.1,0.16
Forum_checkhookboxing,WR,https://www.checkhookboxing.com/,https://www.checkhookboxing.com/members/?username=username1,увы,200,нет,0.75,9.1,90
Forum_china-moto,RU,https://www.china-moto.ru,https://www.china-moto.ru/forum/search/?q=username1&quick=1&type=core_members,увы,200,нет,1.34,9.1,159
Forum_cointalk,WR,https://www.cointalk.com,https://www.cointalk.com/members/?username=username1,увы,200,нет,1.57,9.11,63
Forum_cxem_net,RU,https://forum.cxem.net/,https://forum.cxem.net/index.php?/search/&q=username1&type=core_members&quick=1&joinedDate=any,найден!,200,нет,1.38,9.11,342
Forum_cycling,WR,https://www.cyclingforums.com/,https://www.cyclingforums.com/members/?username=username1,увы,200,нет,0.61,9.11,89
Forum_debatepolitics,WR,https://debatepolitics.com,https://debatepolitics.com/members/?username=username1,найден!,303,нет,1.24,9.11,Head
Forum_Digitalpoint,WR,https://www.digitalpoint.com,https://www.digitalpoint.com/members/?username=username1,найден!,303,нет,1.24,9.11,Head
Forum_dpreview,WR,https://www.dpreview.com,https://www.dpreview.com/search/members?query=username1,увы,403,нет,0.16,9.11,8
Forum_englishinfo,RU,http://englishinfo.ru,http://englishinfo.ru/index/8-0-username1,увы,200,нет,0.84,9.11,0.16
Forum_eu_4gameforum,WR,https://eu.4gameforum.com,https://eu.4gameforum.com/members/?username=username1,найден!,303,нет,1.13,9.11,Head
Forum_facmedicine,WR,https://forum.facmedicine.com,https://forum.facmedicine.com/members/?username=username1,увы,200,нет,1.06,9.11,93
Forum_ferrarichat,US,https://www.ferrarichat.com,https://www.ferrarichat.com/forum/members/?username=username1,найден!,303,нет,1.06,9.11,Head
Forum_Fishing,RU,https://www.fishing.ru,https://www.fishing.ru/talks/members/?username=username1,увы,200,нет,1.79,9.11,138
Forum_footballsfuture,WR,https://forums.footballsfuture.com,https://forums.footballsfuture.com/search/?q=username1&quick=1&type=core_members,увы,403,нет,0.73,9.11,9
Forum_gtamania,RU,https://gtamania.ru,https://gtamania.ru/index/8-0-username1,увы,200,нет,0.95,9.11,0.16
Forum_iboats,WR,https://forums.iboats.com,https://forums.iboats.com/members/?username=username1,найден!,303,нет,1.03,9.11,Head
Forum_ixbt,RU,https://forum.ixbt.com,https://forum.ixbt.com/users.cgi?id=info:username1,увы,403,нет,0.84,9.11,1
Forum_javaprogramming,WR,https://www.javaprogrammingforums.com,https://www.javaprogrammingforums.com/members/username1.html,увы,200,нет,2.33,9.12,30
Forum_krita-artists,WR,https://krita-artists.org,https://krita-artists.org/u/username1/summary,увы,404,нет,0.51,9.13,Head
Forum_microstock,RU,http://www.microstock.ru,http://www.microstock.ru/forum/member.php?username=username1,увы,200,нет,0.8,9.13,33
Forum_mindmachine,RU,https://mindmachine.ru,https://mindmachine.ru/forum/search.php?keywords=&terms=all&author=username1,увы,200,нет,0.97,9.13,28
Forum_mobilism,WR,https://forum.mobilism.me,https://forum.mobilism.me/memberlist.php?username=username1,найден!,200,нет,0.87,9.13,34
Forum_mpgh,WR,https://www.mpgh.net/,https://www.mpgh.net/forum/member.php?username=username1,найден!,200,нет,1.18,9.14,61
Forum_Myjane,RU,http://forum.myjane.ru/,http://forum.myjane.ru/profile.php?mode=viewprofile&u=username1,увы,200,нет,0.84,9.14,55
Forum_nocd,RU,https://nocd.ru,https://nocd.ru/index/8-0-username1,увы,200,нет,1.52,9.14,0.16
Forum_old_ap,RU,http://old.ap-pro.ru/,http://old.ap-pro.ru/index/8-0-username1,увы,200,нет,1.27,9.14,0.16
Forum_Oszone,RU,http://forum.oszone.net,http://forum.oszone.net/member.php?username=username1,найден!,200,нет,0.99,9.14,24
Forum_overclock,CA,https://www.overclock.net/,https://www.overclock.net/members/?username=username1,найден!,303,нет,0.56,9.14,Head
Forum_Overclockers,RU,https://forums.overclockers.ru,https://forums.overclockers.ru/memberlist.php?username=username1,увы,200,нет,1.11,9.14,46
Forum_pes_soccer,RU,https://pes-files.ru,https://pes-files.ru/index/8-0-username1,увы,200,нет,0.85,9.14,0.16
Forum_primetimer,WR,https://forums.primetimer.com,https://forums.primetimer.com/index.php?/search/&q=username1&quick=1&type=core_members,найден!,200,нет,2.6,9.15,127
Forum_proxmox,WR,https://forum.proxmox.com,https://forum.proxmox.com/members/?username=username1,увы,200,нет,1.04,9.15,102
Forum_raspberrypi,WR,https://forums.raspberrypi.com,https://forums.raspberrypi.com/search.php?keywords=&terms=all&author=username1&sc=1&sf=all&sr=posts&sk=t&sd=d&st=0&ch=300&t=0&submit=Search,увы,403,нет,0.53,9.15,9
Forum_realmusic,RU,https://forum.realmusic.ru,https://forum.realmusic.ru/search/?q=username1&quick=1&type=core_members,увы,200,нет,2.0,9.15,122
Forum_redflagdeals,CA,https://forums.redflagdeals.com,https://forums.redflagdeals.com/search.php?keywords=&terms=all&tags_terms=all&author=username1,увы,200,нет,0.98,9.15,54
Forum_rmmedia,RU,https://rmmedia.ru,https://rmmedia.ru/members/?username=username1,увы,200,нет,1.29,9.15,139
Forum_ru-xbox,RU,https://ru-xbox.ru,https://ru-xbox.ru/index/8-0-username1,увы,200,нет,0.4,9.15,0.16
Forum_ru_minecraft,RU,https://ru-minecraft,https://ru-minecraft.ru/user/username1,увы,404,нет,1.1,9.15,Head
Forum_say7,RU,https://forum.say7.info,https://forum.say7.info/search.php?search_author=username1,увы,200,нет,0.82,9.15,36
Forum_serioussite,RU,https://www.serioussite.ru,https://www.serioussite.ru/index/8-0-username1,увы,200,нет,0.93,9.15,0.16
Forum_sibmama,RU,https://forum.sibmama.ru/,https://forum.sibmama.ru/profile.php?mode=viewprofile&u=username1,увы,200,нет,1.14,9.15,13
Forum_simpleminecraft,RU,https://f.simpleminecraft.ru,https://f.simpleminecraft.ru/index.php?/search/&q=username1&quick=1&type=core_members,увы,200,нет,1.14,9.15,132
Forum_siteowner,WR,https://siteownersforums.com,https://siteownersforums.com/member.php?username=username1,увы,200,нет,1.2,9.15,30
Forum_ski,RU,https://www.sql.ru,https://forum.ski.ru/index.php?app=core&module=search&do=search&andor_type=&&search_author=username1&search_content=both&search_app_filters[members][searchInKey]=members&search_app_filters[members][members][sortKey]=date&search_app_filters[members][members][sortDir]=0&search_app_filters[members][comments][sortKey]=date&search_app_filters[members][comments][sortDir]=0&search_term=&search_app=members&search_app_filters[members][searchInKey]=members&search_app_filters[members][members][sortKey]=date&search_app_filters[members][members][sortDir]=1,увы,200,нет,1.04,9.15,105
Forum_smashboards,WR,https://smashboards.com,https://smashboards.com/members/?username=username1,найден!,303,нет,1.29,9.15,Head
Forum_specktra,US,https://www.specktra.net,https://www.specktra.net/members/?username=username1,увы,200,нет,0.87,9.15,63
Forum_techsupport,CA,https://www.techsupportforum.com,https://www.techsupportforum.com/members/?username=username1,найден!,303,нет,0.64,9.15,Head
Forum_titanquest,UA,https://titanquest.org.ua,https://titanquest.org.ua/index/8-0-username1,увы,200,нет,1.67,9.15,0.16
Forum_tractorbynet,WR,https://www.tractorbynet.com,https://www.tractorbynet.com/forums/members/?username=username1,увы,200,нет,1.8,9.15,106
Forum_travel,RU,https://ourtravels.ru/,https://www.travel.ru/community/index.php?app=core&module=search&do=search&andor_type=and&search_author=username1&search_app_filters[forums][sortKey]=date&search_content=both&search_app_filters[forums][noPreview]=1&search_app_filters[forums][pCount]=&search_app_filters[forums][pViews]=&search_app_filters[forums][sortKey]=date&search_app_filters[forums][sortDir]=0&search_app_filters[forums][searchInKey]=&search_term=&search_app=forums&search_app_filters[forums][searchInKey]=&search_app_filters[forums][sortKey]=title&search_app_filters[forums][sortDir]=0,увы,404,нет,0.94,9.15,157
Forum_troublefreepool,WR,https://www.troublefreepool.com,https://www.troublefreepool.com/members/?username=username1,найден!,303,нет,0.98,9.15,Head
Forum_twilightrussia,RU,https://twilightrussia.ru,https://twilightrussia.ru/index/8-0-username1,увы,200,нет,0.87,9.15,0.16
Forum_vingrad,RU,https://forum.vingrad,https://forum.vingrad.ru/users/username1,увы,200,нет,1.08,9.16,17
Forum_vwvortex,WR,https://www.vwvortex.com,https://www.vwvortex.com/members/?username=username1,найден!,303,нет,0.54,9.16,Head
Forum_warhammergames,RU,https://warhammergames.ru/,https://warhammergames.ru/index/8-0-username1,увы,200,нет,1.2,9.16,0.16
Forum_webmasterworld,US,https://www.webmasterworld.com,https://www.webmasterworld.com/profile/username1/,увы,404,нет,1.18,9.16,19
Forum_websleuths,US,https://www.websleuths.com/,https://www.websleuths.com/forums/members/?username=username1,найден!,303,нет,0.94,9.16,Head
Forum_windowscentral,WR,https://forums.windowscentral.com,https://forums.windowscentral.com/members/?username=username1,найден!,303,нет,0.86,9.16,Head
Forum_wordreference,RU,https://forum.wordreference.com,https://forum.wordreference.com/members/?username=username1,найден!,303,нет,0.99,9.16,Head
Forum_worldofplayers,RU,https://worldofplayers.ru,https://worldofplayers.ru/members/?username=username1,увы,200,нет,1.54,9.16,114
Forum_wrongplanet,WR,https://wrongplanet.net,https://wrongplanet.net/forums/memberlist.php?username=username1,увы,200,нет,2.0,9.16,22
Forum_xda,WR,https://xdaforums.com,https://xdaforums.com/m/?username=username1,найден!,303,нет,0.73,9.16,Head
Forum_ybw,WR,https://forums.ybw.com,https://forums.ybw.com/members/?username=username1,увы,200,нет,1.11,9.16,63
Forum_yoga,WR,https://yogaforums.com,https://yogaforums.com/u/username1/summary,найден!,200,нет,0.36,9.16,Head
Forumhouse,RU,https://www.forumhouse.ru/,https://www.forumhouse.ru/members/?username=username1,увы,403,нет,0.74,9.16,1
Forumkinopoisk,RU,https://forumkinopoisk.ru,https://forumkinopoisk.ru/search/?q=username1&quick=1&type=core_members,увы,200,нет,4.06,10.09,499
Forumophilia,WR,https://www.forumophilia.com,https://www.forumophilia.com/profile.php?mode=viewprofile&u=username1,найден!,200,нет,0.52,10.1,22
Forumot,RU,https://forumot.ru,https://forumot.ru/search/?q=username1&quick=1&type=core_members,увы,200,нет,1.03,10.1,127
Forums_appleinsider,WR,https://forums.appleinsider.com,https://forums.appleinsider.com/profile/username1,найден!,200,нет,1.39,10.1,Head
Forums_digitalspy,GB,https://forums.digitalspy.com,https://forums.digitalspy.com/profile/discussions/username1,найден!,200,нет,0.65,10.1,Head
Forums_docker,US,https://forums.docker.com,https://forums.docker.com/u/username1/summary,увы,404,нет,0.84,10.1,Head
Forums_drom,RU,https://www.forumsdrom.ru,https://www.forumsdrom.ru/member.php?username=username1,найден!,200,нет,0.52,10.1,78
Forums_goha,RU,https://forums.goha.ru,https://forums.goha.ru/member.php?username=username1,увы,200,нет,1.28,10.1,106
Forums_golfmonthly,US,https://forums.golfmonthly.com,https://forums.golfmonthly.com/members/?username=username1,увы,200,нет,1.0,10.1,61
Forums_hentai-foundry,WR,https://forums.hentai-foundry.com,https://forums.hentai-foundry.com/profile.php?mode=viewprofile&u=username1,увы,200,нет,1.49,10.1,14
Forums_operationsports,WR,https://forums.operationsports.com,https://forums.operationsports.com/username1,найден!,200,нет,1.1,10.1,Head
Forums_studentdoctor,WR,https://forums.studentdoctor.net,https://forums.studentdoctor.net/members/?username=username1,найден!,303,нет,1.09,10.1,Head
Forums_tomshardware,GB,https://forums.tomshardware.com/,https://forums.tomshardware.com/members/?username=username1,найден!,303,нет,0.73,10.1,Head
Fotostrana,RU,https://fotostrana.ru,https://fotostrana.ru/username1/,увы,404,нет,0.94,10.1,83
Freecodecamp,WR,https://forum.freecodecamp.org,https://forum.freecodecamp.org/u/username1/summary,увы,404,нет,0.81,10.1,Head
Freelancer,WR,https://www.freelancer.com,https://www.freelancer.com/u/username1,найден!,200,нет,1.55,10.11,902
Genius,WR,https://genius.com,https://genius.com/username1,найден!,200,нет,0.74,10.11,Head
Geocaching,WR,https://www.geocaching.com/,https://www.geocaching.com/profile/?u=username1,найден!,200,нет,0.38,10.11,Head
Giphy,US,https://giphy.com/,https://giphy.com/username1,увы,200,нет,0.36,10.11,108
GitHub,WR,https://www.github.com/,https://www.github.com/username1,найден!,200,нет,0.49,10.11,Head
GitLab,WR,https://gitlab.com/,https://gitlab.com/username1,увы,200,нет,0.45,10.11,Head
Gog,WR,https://www.gog.com/,https://www.gog.com/u/username1,найден!,200,нет,0.99,10.11,Head
Habr,RU,https://habr.com/,https://habr.com/ru/users/username1,увы,404,нет,0.36,10.11,Head
Habr_QnA,RU,https://www.toster.ru/,https://qna.habr.com/user/username1,найден!,200,нет,1.06,10.11,Head
HabrCareer,RU,https://career.habr.com/,https://career.habr.com/username1,увы,404,нет,1.5,10.11,Head
Hacker_News-ycombinator,US,https://news.ycombinator.com/,https://news.ycombinator.com/user?id=username1,найден!,200,нет,1.16,10.11,2
HackerRank,WR,https://hackerrank.com/,https://hackerrank.com/username1,найден!,200,нет,1.91,10.47,708
HackTheBox,WR,https://forum.hackthebox.com/,https://forum.hackthebox.com/u/username1/summary,увы,404,нет,0.55,10.47,Head
Heroescommunity,WR,http://heroescommunity.com,http://heroescommunity.com/member.php3?action=viewprofile&UserName=username1,увы,200,нет,0.45,10.49,16
Heroesworld,RU,https://forum.heroesworld.ru,https://forum.heroesworld.ru/member.php?username=username1,увы,200,нет,1.3,10.49,85
Hunting,RU,https://www.hunting.ru/forum/,https://www.hunting.ru/forum/members/?username=username1,увы,200,нет,2.52,10.49,140
Iccup,RU,https://iccup.com,https://iccup.com/dota/gamingprofile/username1,увы,302,нет,0.81,10.49,Head
Idolforums,US,https://idolforums.com,https://idolforums.com/search/?q=username1&quick=1&type=core_members,найден!,200,нет,1.65,10.49,100
Igromania,RU,http://forum.igromania.ru/,http://forum.igromania.ru/member.php?username=username1,увы,200,нет,0.8,10.49,42
Imgur,WR,https://imgur.com,https://imgur.com/user/username1,найден!,200,нет,1.04,10.49,1
Interpals,WR,https://www.interpals.net/,https://www.interpals.net/username1,найден!,200,нет,0.47,10.49,65
Iphones,RU,https://www.iphones.ru,https://www.iphones.ru/iNotes/author/username1?profile=1,найден!,200,нет,4.43,11.73,Head
Irecommend,RU,https://irecommend.ru/,https://irecommend.ru/users/username1,найден!,200,нет,1.13,11.73,49
Jeuxvideo,FR,http://www.jeuxvideo.com,http://www.jeuxvideo.com/profil/username1?mode=infos,увы,403,нет,0.11,11.73,9
Keybase,WR,https://keybase.io/,https://keybase.io/username1,найден!,200,нет,0.84,11.73,Head
Komoot,WR,https://www.komoot.com,https://www.komoot.com/user/username1,увы,404,нет,0.49,11.74,Head
Kuharka,RU,https://kuharka.ru/,https://kuharka.ru/members/username1,увы,200,нет,1.07,13.53,43
Kwai,WR,https://www.kwai.com,https://www.kwai.com/@username1,блок,сбой,2.92,-,16.45,Bad
Kwork,RU,https://www.kwork.ru/,https://kwork.ru/user/username1,найден!,200,нет,0.83,16.45,Head
LastFM,WR,https://last.fm/,https://last.fm/user/username1,найден!,200,нет,0.76,16.45,Head
Liberapay,WR,https://liberapay.com,https://liberapay.com/username1,найден!,200,нет,0.63,16.45,11
Lichess,WR,https://lichess.org,https://lichess.org/@/username1,увы,404,нет,0.51,16.45,11
Likee,WR,https://likee.com,https://likee.video/@username1/,увы,200,нет,0.5,16.45,7
Liveinternet,RU,https://www.liveinternet.ru,https://www.liveinternet.ru/users/username1/profile,увы,200,нет,0.32,16.45,54
LiveJournal,WR,https://www.livejournal.com/,https://username1.livejournal.com,увы,410,нет,0.81,16.45,Head
Livelib,RU,https://www.livelib.ru/,https://www.livelib.ru/reader/username1,увы,403,нет,1.35,16.45,Head
Livemaster,RU,https://www.livemaster.ru,https://www.livemaster.ru/username1,увы,404,нет,0.97,16.45,Head
LOR,RU,https://linux.org.ru/,https://www.linux.org.ru/people/username1/profile,найден!,200,нет,1.33,16.45,Head
Loveplanet,RU,https://loveplanet.ru,https://loveplanet.ru/page/username1,найден!,200,нет,1.45,16.45,128
Macosx,WR,https://macosx.com,https://macosx.com/members/?username=username1,найден!,303,нет,0.86,16.45,Head
Mail_ru_email,WR,https://mail.ru/,https://account.mail.ru/login?&fail=1&email=username1%40mail.ru,найден!,200,нет,1.0,16.45,0.29
Mastodon,WR,https://mastodon.social,https://mastodon.social/@username1,увы,410,нет,0.62,16.45,Head
Mathoverflow,WR,https://mathoverflow.net,https://mathoverflow.net/users/filter?search=username1&filter=Month&tab=Reputation,найден!,200,нет,0.38,16.45,3
Medikforum,RU,https://www.medikforum.ru,https://www.medikforum.ru/forum/search.php?keywords=&terms=all&author=username1,увы,200,нет,1.2,16.45,18
Medium,WR,https://medium.com/,https://medium.com/@username1,найден!,200,нет,0.62,16.45,83
Miped,RU,https://miped.ru,https://miped.ru/user/username1,увы,404,нет,0.75,16.45,Head
Mirtesen,RU,https://mirtesen.ru,https://mirtesen.ru/search/people?q=username1,увы,200,нет,1.57,16.45,45
Movielib,RU,https://www.movielib.ru,https://www.movielib.ru/viewer/username1,увы,404,нет,0.98,16.45,Head
My_mail_ru_new,RU,https://my.mail.ru/,https://my.mail.ru/mail/username1/,увы,404,нет,0.89,16.45,275
My_mail_ru_old,RU,https://my.mail.ru/,https://my.mail.ru/list/username1/,увы,404,нет,0.88,16.45,275
MyAnimeList,US,https://myanimelist.net/,https://myanimelist.net/profile/username1,найден!,200,нет,0.74,16.45,Head
Myshows,WR,https://myshows.me,https://myshows.me/m/username1,увы,404,нет,0.32,16.45,Head
Mysku,RU,https://mysku.club,https://mysku.club/profile/username1,увы,404,нет,2.35,16.46,Head
Myspace,WR,https://myspace.com/,https://myspace.com/username1,найден!,200,нет,0.46,16.46,Head
Nationalgunforum,CA,https://www.nationalgunforum.com,https://www.nationalgunforum.com/members/?username=username1,увы,200,нет,0.81,16.46,123
NnRU,RU,https://www.nn.ru/,https://username1.www.nn.ru/,найден!,200,нет,1.77,16.46,Head
Npmjs,WR,https://www.npmjs.com/,https://www.npmjs.com/~username1,найден!,200,нет,1.16,16.46,Head
OK,RU,https://ok.ru/,https://ok.ru/username1,блок,сбой,нет,-,16.9,Bad
Old-games,RU,https://www.old-games.ru,https://www.old-games.ru/forum/members/?username=username1,увы,200,нет,0.95,16.9,110
OpenCollective,WR,https://opencollective.com/,https://opencollective.com/username1,увы,200,нет,1.05,16.9,45
Opennet,RU,https://www.opennet.ru/,https://www.opennet.ru/~username1,увы,200,нет,1.17,16.9,8
OpenStreetMap,WR,https://www.openstreetmap.org/,https://www.openstreetmap.org/user/username1,найден!,200,нет,0.57,16.9,Head
Otzovik,RU,https://otzovik.com/,https://otzovik.com/profile/username1,найден!,200,нет,1.07,16.9,Head
Overclockers,RU,https://overclockers.ru,https://overclockers.ru/blog/username1,увы,404,нет,1.19,16.9,Head
OverclockersAU,AU,https://forums.overclockers.com.au,https://forums.overclockers.com.au/members/?username=username1,увы,200,нет,1.56,16.9,49
Pastebin,WR,https://pastebin.com/,https://pastebin.com/u/username1,найден!,200,нет,0.83,16.9,15
Paypal,WR,https://www.paypal.me,https://www.paypal.com/paypalme/username1,найден!,200,нет,0.78,16.9,170
Pedsovet,RU,https://pedsovet.su/,https://pedsovet.su/index/8-0-username1,увы,200,нет,1.54,16.9,0.16
Periscope,WR,https://www.periscope.tv/,https://www.periscope.tv/username1/,найден!,200,нет,1.83,16.9,Head
Phpbbguru,RU,https://www.phpbbguru.net,https://www.phpbbguru.net/community/search.php?d=&keywords=&terms=all&author=username1,увы,200,нет,1.03,16.9,53
Pikabu,RU,https://pikabu.ru/,https://pikabu.ru/@username1,найден!,200,нет,0.71,16.9,Head
Pinterest,WR,https://www.pinterest.com/,https://www.pinterest.com/username1/,найден!,200,нет,0.77,16.9,Head
Pixelfed,WR,https://pixelfed.social,https://pixelfed.social/username1,найден!,200,нет,0.49,16.9,Head
Plvideo,RU,https://plvideo.ru,https://plvideo.ru/@username1,увы,404,нет,1.58,16.9,40
Pokecommunity,WR,https://www.pokecommunity.com,https://www.pokecommunity.com/members/?username=username1,найден!,303,нет,1.06,16.9,Head
PokemonShowdown,US,https://pokemonshowdown.com,https://pokemonshowdown.com/users/username1,найден!,200,нет,0.61,16.91,Head
Pornhub,WR,https://rt.pornhub.com,https://rt.pornhub.com/users/username1,блок,сбой,нет,-,18.52,Bad
Poshmark,WR,https://poshmark.com/,https://poshmark.com/closet/username1,найден!,200,нет,1.09,18.52,Head
Prizyvnik,RU,https://www.prizyvnik.info,https://www.prizyvnik.info/search/?q=username1&quick=1&type=core_members,найден!,200,нет,2.18,18.53,1146
Productradar,WR,https://productradar.ru,https://productradar.ru/user/username1/,увы,200,нет,1.02,18.53,147
Proglib,RU,https://proglib.io,https://proglib.io/u/username1/posts,увы,404,нет,0.75,18.53,Head
Prokoni,RU,https://www.prokoni.ru/,https://www.prokoni.ru/forum/members/?username=username1,увы,200,нет,1.07,18.53,95
Protonmail_COM,WR,https://account.proton.me,https://account.proton.me,найден!,200,нет,0.82,18.53,0.15
Proza,RU,https://www.proza.ru/,https://www.proza.ru/avtor/username1,найден!,200,нет,0.6,18.53,10
Pypi,WR,https://pypi.org/,https://pypi.org/user/username1,найден!,200,нет,0.43,18.53,0.41
Python_su,RU,https://python.su/,https://python.su/forum/user/username1,увы,403,нет,1.03,18.53,Head
Quora,US,https://www.quora.com/,https://username1.quora.com/,найден!,200,нет,0.39,18.53,90
Radiokot,RU,https://www.radiokot.ru,https://www.radiokot.ru/forum/search.php?keywords=&terms=all&author=username1,увы,200,нет,1.12,18.53,35
RamblerDating,RU,https://dating.rambler.ru/,https://dating.rambler.ru/page/username1,найден!,200,нет,1.18,18.54,85
Rapforce,RU,http://www.rapforce.net,http://www.rapforce.net/index/8-0-username1,увы,404,нет,0.76,18.54,5
Rcgroups,WR,https://www.rcgroups.com,https://www.rcgroups.com/forums/member.php?username=username1,найден!,200,нет,0.61,18.54,66
Reactor,RU,http://reactor.cc,http://reactor.cc/user/username1,найден!,200,нет,0.67,18.54,30
Reddit,WR,https://www.reddit.com/,https://www.reddit.com/user/username1,найден!,200,нет,0.88,18.54,473
Relive,WR,https://www.relive.cc,https://www.relive.cc/profile/username1,найден!,200,нет,0.93,18.54,81
Rpgrussia,RU,https://rpgrussia.com,https://rpgrussia.com/members/?username=username1,увы,200,нет,1.27,18.55,124
RusFootball,RU,https://www.rusfootball.info/,https://www.rusfootball.info/user/username1,увы,404,нет,1.35,18.55,212
Rutracker,RU,https://rutracker.org/,https://rutracker.org/forum/profile.php?mode=viewprofile&u=username1,блок,сбой,нет,-,19.4,Bad
Sciencemadness,WR,https://www.sciencemadness.org,https://www.sciencemadness.org/talk/member.php?action=viewpro&member=username1,увы,404,нет,1.02,19.4,14
Sexforum_ws,RU,http://sexforum.ws,http://sexforum.ws/members/?username=username1,увы,200,нет,0.55,19.4,54
Shoe,WR,http://shoe.org,http://username1.shoe.org/,увы,404,нет,0.99,19.41,Head
Shor,BY,https://shor.by,https://shor.by/username1,увы,404,нет,0.98,19.41,Head
Skyscrapercity,WR,https://www.skyscrapercity.com,https://www.skyscrapercity.com/members/?username=username1,найден!,303,нет,0.65,19.41,Head
Slack,WR,https://slack.com,https://username1.slack.com,увы,404,нет,0.37,19.41,Head
Slashdot,US,https://slashdot.org,https://slashdot.org/~username1,найден!,200,нет,0.51,19.41,73
Smart_lab,RU,https://smart-lab.ru/,https://smart-lab.ru/profile/username1/,увы,404,нет,1.03,19.41,Head
Snapchat,WR,https://www.snapchat.com,https://www.snapchat.com/add/username1,найден!,200,нет,1.09,19.41,Head
SoundCloud,WR,https://soundcloud.com/,https://soundcloud.com/username1,найден!,200,нет,0.35,19.41,Head
SourceForge,WR,https://sourceforge.net/,https://sourceforge.net/u/username1/profile/,увы,404,нет,0.46,19.41,26
Spletenie,RU,https://www.spletenie.ru,https://www.spletenie.ru/users/username1/stranamam/,увы,404,нет,1.11,19.41,11
Spletnik,RU,https://spletnik.ru/,https://spletnik.ru/user/username1,увы,403,нет,0.25,19.41,8
Sportbox,RU,http://www.tamboff.ru,https://forum.sportbox.ru/index.php?app=members&module=list&app=members&module=list&showall=0&sort_key=members_l_display_name&sort_order=asc&max_results=20&name_box=begins&name=username1,найден!,200,нет,1.6,19.41,172
Sports,RU,https://www.sports.ru/,https://www.sports.ru/search/?query=username1,найден!,200,нет,1.19,19.41,689
SportsTracker,WR,https://www.sports-tracker.com/,https://www.sports-tracker.com/view_profile/username1,найден!,200,нет,0.52,19.41,0.37
Spotify_community,WR,https://community.spotify.com,https://community.spotify.com/t5/forums/searchpage/tab/user?q=username1,найден!,200,нет,2.23,19.41,273
Sprashivai,RU,http://sprashivai.ru,http://sprashivai.ru/username1?sl,найден!,200,нет,0.47,19.42,14
Stackexchange,WR,https://unix.stackexchange.com,https://unix.stackexchange.com/users/filter?search=username1&filter=Month&tab=Reputation,найден!,200,нет,0.41,19.42,10
Stackoverflow,WR,https://stackoverflow.com,https://stackoverflow.com/users/?search=username1,найден!,200,нет,0.37,19.42,112
Stackoverflow_RU,RU,https://ru.stackoverflow,https://ru.stackoverflow.com/users/filter?search=username1&filter=Month&tab=Reputation,найден!,200,нет,0.4,19.42,5
Steamcommunity,WR,https://steamcommunity.com/,https://steamcommunity.com/id/username1,найден!,200,нет,0.49,19.42,43
SteamGroup,WR,https://steamcommunity.com/,https://steamcommunity.com/groups/username1,найден!,200,нет,0.46,19.42,47
Strava,WR,https://www.strava.com,https://www.strava.com/athletes/username1,найден!,301,нет,0.39,19.42,0.02
Studfile,RU,https://studfile.net,https://studfile.net/users/username1/,увы,404,нет,0.73,19.42,14
Tabun,RU,https://tabun.everypony.ru,https://tabun.everypony.ru/profile/username1/,увы,403,нет,0.77,19.42,Head
TamTam,WR,https://tamtam.chat/,https://tamtam.chat/username1,найден!,200,нет,1.0,19.42,35
Techpowerup,WR,https://www.techpowerup.com,https://www.techpowerup.com/forums/members/?username=username1,увы,200,нет,1.16,19.42,59
Telegram,WR,https://t.me/,https://t.me/username1,найден!,200,нет,0.64,19.42,11
Threads,WR,https://www.threads.net,https://www.threads.net/@username1,увы,200,нет,0.31,19.42,198
TikTok,WR,https://www.tiktok.com/,https://www.tiktok.com/@username1?lang=ru-RU,блок,сбой,нет,-,20.68,Bad
Tinder,WR,https://tinder.com/,https://tinder.com/@username1,найден!,200,нет,0.8,20.68,1045
Tinkoff_Invest,RU,https://www.tinkoff.ru,https://www.tinkoff.ru/invest/social/profile/username1/,найден!,200,нет,1.38,20.71,2346
Trashbox,RU,https://trashbox.ru/,https://trashbox.ru/users/username1,увы,404,нет,0.19,20.71,5
TripAdvisor,WR,https://www.tripadvisor.com,https://www.tripadvisor.com/Profile/username1,найден!,200,нет,0.82,20.71,200
Tumblr,WR,https://tumblr.com/,https://username1.tumblr.com/,найден!,200,нет,0.84,20.71,Head
Twitch,WR,https://www.twitch.tv/,https://www.twitch.tv/username1,увы,200,нет,0.14,20.72,118
Twitter,WR,https://twitter.com,https://twitter.com/username1,найден!,200,нет,0.7,20.72,0.13
Ultimate-Guitar,WR,https://ultimate-guitar.com/,https://ultimate-guitar.com/u/username1,найден!,200,нет,0.38,20.72,Head
Unsplash,WR,https://unsplash.com/,https://unsplash.com/@username1/likes,найден!,200,нет,2.03,20.72,Head
Vimeo,WR,https://vimeo.com/,https://vimeo.com/username1,найден!,200,нет,0.49,20.72,Head
VK,WR,https://vk.com/,https://vk.com/username1,найден!,200,нет,1.32,20.73,976
VK_clips,RU,https://vk.com/clips,https://vk.com/clips/username1,найден!,200,нет,1.04,20.73,614
W3schools,WR,https://w3schools.invisionzone.com,https://w3schools.invisionzone.com/search/?q=username1&quick=1&type=core_members,увы,403,нет,0.39,20.73,9
Warcraft3ft,RU,https://warcraft3ft.clan.su,https://warcraft3ft.clan.su/index/8-0-username1,увы,200,нет,0.7,20.73,0.16
Warriorforum,AU,https://www.warriorforum.com/,https://www.warriorforum.com/members/username1.html,найден!,200,нет,1.08,20.73,Head
Wikipedia,WR,https://www.wikipedia.org/,https://www.wikipedia.org/wiki/User:username1,увы,200,нет,0.71,20.73,42
Windowsforum,US,https://windowsforum.com,https://windowsforum.com/members/?username=username1,увы,200,нет,1.1,20.73,93
WordPressOrg,WR,https://wordpress.org/,https://profiles.wordpress.org/username1/,найден!,200,нет,1.31,20.73,Head
Wowhead,WR,https://www.wowhead.com,https://www.wowhead.com/user=username1,увы,403,нет,0.28,20.73,Head
Wowjp,RU,https://wowjp.net,https://wowjp.net/index/8-0-username1,блок,сбой,нет,-,20.73,Bad
Xing,EU,https://www.xing.com/,https://www.xing.com/profile/username1,увы,404,нет,0.89,20.75,124
Yandex_Dzen,WR,https://dzen.ru/,https://dzen.ru/username1,найден!,200,нет,1.14,20.75,Head
YandexMusic,WR,https://music.yandex.ru,https://music.yandex.ru/users/username1/tracks,увы,403,нет,1.17,20.75,104
YouPic,WR,https://youpic.com/,https://youpic.com/photographer/username1/,найден!,200,нет,0.63,20.76,8
YouTube,WR,https://www.youtube.com/,https://www.youtube.com/username1,увы,404,нет,0.25,20.76,1
Zonazakona,RU,https://www.zonazakona.ru,https://www.zonazakona.ru/forum/search/?q=username1&quick=1&type=core_members,найден!,200,нет,0.92,20.76,150
«-----------------------------------,----,-----------------------------------,--------------------------------------------------------,-------------,-----------------,-------------------------------------,-----------------,----------------------------,---------------»
БД_(demoversion)=319_Websites
Nick=username1

Исключённые_регионы=нет
Выбор_конкретных_регионов=нет
""

Дата
2025-01-28_12:28:23
"©2020-2025 «Snoop Project»
(demo version)."
